id,name,phone_number,email,password,total_member_points
1,Latoya White,(544)769-5459x220,jack72@example.org,%5KEiNkt$m,912
2,Ronald Bowen,618.741.7995x034,jessica19@example.org,^Gj7On^eS2,185
3,Emily Weiss,001-700-670-7807x208,steven74@example.net,3^D5Ke$)$w,346
4,Johnny Harmon,001-434-599-9034x158,barkercheryl@example.net,YG71PbdAi%,111
5,Erin Sweeney,952-436-4937,kyleyoung@example.org,F&n5@YG3Vc,780
6,Joshua Jones,(969)923-1458x53451,ilam@example.org,_f1fW$dLfv,7
7,Tiffany Torres,479-754-6487,perrysonya@example.com,@zsfPJjar0,452
8,Kenneth Williams,438-260-6369,gmack@example.net,QxzR5QIkY$,7
9,Alexandra Fuentes,891-738-6972x7312,stevenscott@example.org,U6er9@ClN#,974
10,Charles Miller,001-412-913-3973x811,xsmith@example.org,w5AtoXid^z,63
11,Ricardo Morris,302.700.6465x04261,bli@example.org,%Q1KD3jxce,214
12,Robert Ramirez,828-375-0141x8754,qbrown@example.org,cc!4LvIq!k,281
13,Wanda Taylor,290.217.8999,osborneanthony@example.org,G@V9oNszN$,541
14,Daniel Davis,+1-226-604-4262x957,henry30@example.net,MwX3ZrNl_8,59
15,Kenneth King,6888009605,richard53@example.org,%5Aqtr1k9!,285
16,Jimmy Johnson,464.851.5630,cfuentes@example.org,P3rSLZPd*D,884
17,Richard Gentry,+1-283-395-5045x75714,chavezbrent@example.net,m%Y4A@0s24,343
18,Travis Vargas,593-273-9930,joanna05@example.com,n82p6Hvx+H,467
19,Alyssa Johnson,4682822952,yoconnor@example.com,$9WGpsnehZ,678
20,Brian Griffin,001-862-901-2273,jennifer46@example.org,(^6iGQRl^h,331
21,Jose Moore,907-362-5310x31958,ktodd@example.org,jKP1E!n25!,723
22,Mackenzie Johnson,(237)792-8824x755,xweber@example.org,%LVJO+pbm8,871
23,Gabriela Clark,(247)911-1849x245,marcus17@example.org,GsFa6Ck4#A,419
24,Charles Dalton,281-658-8736x36079,gwelch@example.com,$pja(3Lo3C,961
25,Leslie Smith,(724)444-9905,harrisjoseph@example.com,+$aOcV0vW6,543
26,Ronald Montoya,398.976.0299,bjones@example.org,0sR&Arov(F,9
27,Mitchell Vazquez,939-743-0296x9685,karen68@example.org,WLq0ORe8_7,712
28,Brandon Mason,535-267-7970x00506,twhite@example.net,3Xw9YbE_a#,25
29,Wesley Myers,+1-777-939-1168x810,freed@example.org,&aDt7ZAfma,264
30,Shannon Sandoval,+1-576-798-0123x1636,michelle22@example.com,w70Wy$OjQ&,967
31,Sarah Espinoza,599-638-9690x2587,daustin@example.org,O8alHcmY@b,979
32,Joshua Johnson,267-622-7849x16088,kvilla@example.com,d@6%YbX$Wj,68
33,Scott Fisher,-2945,cjohnson@example.com,pZmVaKqz)9,20
34,Rachel Brady,914.295.9741x07846,steven94@example.net,w#1WbfAdAs,890
35,Shannon Jones,402-986-0187x92575,stewartrandy@example.org,3rqZrTyV%3,678
36,Dustin Hampton,523-991-5570x416,kathleenmyers@example.net,tfn!9pCb_8,987
37,Jenna Barnett,(313)562-8539,uperez@example.org,!2Ra(s@MVS,796
38,Elizabeth Riggs,001-333-913-6838x77405,diana44@example.com,77KShVOI_u,962
39,Christina Miller,751.807.8719x6951,ypratt@example.org,%sqPXe&DY9,512
40,Kelly Smith,9452534319,anna42@example.com,m%5pwp6whA,224
41,Krystal Dodson,551.718.8722,iweber@example.com,(JneR^jqC6,847
42,Eric Schneider,5733112385,jpetersen@example.com,$2qh#YCt*F,541
43,Christopher Khan,+1-440-692-3440x1767,scotthill@example.org,iQ3oFZa#_b,744
44,Robert Jones,891-583-7409x01584,brianawood@example.net,!^7yiLpVbf,491
45,Katherine Martin,4598884375,wmeyer@example.org,*0xpQJ%4Sd,276
46,Erin Gonzalez,(223)973-0889,chadmueller@example.org,Hz+3Qd3^b%,630
47,Ryan Berg,825-551-0467x5760,jasmine19@example.net,N!7O$rglvr,558
48,Lauren Sims,472.755.4985,schmitttony@example.net,q1_3FGeg%M,731
49,Pamela Anderson,839-206-5733x334,rachel71@example.com,N)0%zC3g%h,993
50,John Burke,(821)783-4689,kelsey35@example.org,E3Kb6iFI)Y,427
51,Todd Soto,(279)338-7869,nathanmitchell@example.org,%3B0&q)1$!,561
52,Leslie Simmons,446.628.9473,gglover@example.com,@Je&TU781d,88
53,Mary Farley,001-976-763-4015,evanskevin@example.org,B+z&C6Wtns,38
54,Shannon Bradshaw,643.605.8942,bethany23@example.org,9x8yQnj&#%,278
55,Angela Allen,(799)443-4806,gwilkins@example.com,Z!1t)GKzux,435
56,Nicole Johnson,001-974-995-6567x8966,fgonzalez@example.org,x13Gzqdc@@,840
57,Brian Arnold,+1-445-622-3468x425,curtis69@example.net,)I280Nw7mB,718
58,Cathy Johnson,+1-282-442-1725x74599,lesliefields@example.org,3SbtnX!v@Q,790
59,Michael Mcintyre,339.636.5178,jeanette16@example.org,0jMsO6Vv%Z,866
60,Jacqueline Gomez,(327)783-6666x1395,zwright@example.net,(#+5kI4jup,453
61,Cynthia Branch,492.652.8469x902,robertsullivan@example.org,I)6Dasc@Go,797
62,Donna Gates,+1-695-887-3398x1662,wellsmichael@example.net,@_e3Il)8%D,590
63,Karen Cunningham,591-416-6455,colemanmarissa@example.com,#KmyGcyf#1,516
64,Chad Miller,(299)842-6784x4493,colemanleonard@example.org,MM2TKlYM*$,513
65,Zachary Knapp,505-587-8782x819,pmendez@example.com,TQ5smVRz%n,208
66,Dominique Barajas,496-629-4839,sharon84@example.net,*)2L#m%gSW,238
67,Paul Ellis,322-924-3627x7405,goodwincharles@example.net,)0Dy^W)k4n,183
68,Matthew Shaw,+1-345-744-1598x2521,bradymitchell@example.org,^04N6oySOd,826
69,James Figueroa,(306)275-4038x47025,suarezmark@example.com,^_wX0B6oq_,20
70,Zachary Shepherd,(386)200-2725,ndonovan@example.org,7PBCPaKs_3,323
71,Justin Stone,908-772-2754x53174,rebekah37@example.org,Po4+0Fi30@,314
72,Elizabeth Rivera,252.425.4177x66430,aaronmoore@example.net,0VEWEn6o#a,727
73,Sierra Li,001-394-454-5789x5047,theresa68@example.com,_FZI+Tg8G7,845
74,Robert Blackwell,775-722-5152,david15@example.net,7$v7AoYOYm,526
75,Kimberly Terry,893.661.6541x6049,collinssherri@example.net,_+8hDjiqO&,506
76,Sarah Smith,001-369-462-7848x196,pwhite@example.net,%)+7epHaL2,763
77,Lauren King,826-866-2182x1502,williamsemily@example.org,@7K*9Mbq!p,658
78,Laura Lee,850.394.5381x2759,devin81@example.org,(vK0k4CIo3,187
79,Amanda Wilson,842-666-1503x6137,ebecker@example.net,36*40Sor!+,87
80,Steve Landry,+1-983-935-8213x438,davidkaufman@example.net,+29j1LXlQa,826
81,Brian Castaneda,(489)476-1375x33364,jason57@example.net,$awDfpa83$,324
82,Wendy Levy,+1-913-536-9045x82736,meyerelizabeth@example.com,*He1Qc@Bg2,555
83,Bradley Brewer,735.588.5341x37742,robinsonkyle@example.net,M6A@FXmz&v,44
84,Debra Morales,5275508363,ywhite@example.org,I!B@0T!bZX,955
85,Jennifer Clark,250.909.2543,michael42@example.org,##E5zXg5J8,661
86,Lori Dixon,+1-967-341-3918x76383,alozano@example.com,#0ymV2ixS%,943
87,Joseph Moreno,(636)538-0642x853,melissa44@example.net,_ZImCLof4k,247
88,Tom Rowland,001-655-885-1993x15109,woodangela@example.net,sdYjJsyT)9,293
89,Michelle Rogers,001-631-539-0328x872,michelle25@example.net,b#07VAssaP,4
90,Brian Diaz,742-849-3621x8732,robinsonscott@example.net,^uF)1^KcZ2,820
91,Cindy Nielsen,(388)299-3412,bauerbrianna@example.org,^03LXv3ETU,403
92,Joy Jones,839-450-0132x613,stevensonashley@example.org,qD8G*i9jX),324
93,Carol Diaz,(878)923-5848x23028,michaelzhang@example.com,6rD)1GNw!9,624
94,David Smith,249.429.5771,kathyphillips@example.com,zf4peSFe(3,196
95,Justin Lara,(551)926-5784x5567,michelle00@example.net,$UReqjw$s0,65
96,Tina Schneider,211-533-8980x6651,llewis@example.com,j4XuzYD%@Q,943
97,Brandy Brown,597-682-6783x8490,fwallace@example.org,#Cgf0@LwL(,416
98,John Christian,661-684-4895,rebecca61@example.com,j2KX^Uav*l,481
99,Rebecca Allen,815-821-6672x5365,matthewdean@example.org,*hs1L)lYZ5,926
100,Brandon Scott,(558)710-6813x407,cynthia42@example.net,21sLJ)rK@b
101,Deanna Lopez,589.686.9255,jonesbarbara@example.org,an8+QoCn*!,444
102,Timothy Garrison,+1-311-645-8776x88072,andrewcole@example.org,()26wStcqJ,448
103,Andrew Wright,(424)671-8503x61789,john45@example.net,4B7CWi+jG%,530
104,James Alexander,001-936-838-1309x642,andrew75@example.com,^v&@0NyW0a,583
105,Candace Nguyen,716-525-6658x471,maryanderson@example.org,A8%G7LynzZ,404
106,Sherry Smith,(316)942-8001x51947,karen35@example.com,i4u*8OHqpC,881
107,William Brown,(674)446-7881x558,dawnanderson@example.org,#e6Srt84$k,686
108,Nicole Hall,+1-344-876-0473x88948,kathy82@example.com,vJ1H*YswY@,588
109,Cheryl Ruiz,-1502,newtonbrian@example.com,X7$IYiG2#z,644
110,Ronnie Johnson,001-691-572-9588x1193,john15@example.com,iuh2WrrD&c,791
111,Christian Hobbs,(412)390-6318x871,davidparker@example.net,F6$5r8Gi9z,864
112,Dennis Anderson,243-393-7129x0074,martinangela@example.com,^58DTrUqZp,413
113,Andrea Riley,(920)504-9903,taylor86@example.net,(j51FaQEM!,717
114,Ricky Fisher,(476)819-6649x474,figueroagregory@example.com,p+7z7SFoyi,231
115,Cindy Butler,(672)635-6238x699,ygrant@example.com,J96ACOhw#Y,441
116,Alex Rivera,9385773397,dillonrobert@example.com,p&5FqddH%h,52
117,Lauren Herrera,856-834-7041,mistydoyle@example.com,(BDYr9z#&1,267
118,Debra Smith,728.408.4492x39995,eddieedwards@example.org,!lrJgO@h!9,602
119,Brandon Barber,001-892-585-3674x65361,stevenprice@example.com,tf1RsDsd_(,439
120,Taylor Dennis,(251)910-2969x374,melissahughes@example.com,w8k$Y27y$r,8
121,Melissa Kelley,475-465-2132,david48@example.com,$UxF7@RxxC,92
122,John Allison,(677)682-2593x287,kevinflores@example.net,Gg3nFvAXD),706
123,Deborah Munoz,7426419936,gandrews@example.org,)2YBZqN+(9,535
124,Amanda Booth,208-920-2802x549,lopezjoan@example.org,g(H$T4Jz&$,853
125,Krystal Simmons,001-261-239-8396,conradrobert@example.org,#NAME?,162
126,Amanda Moore,-5787,gregory83@example.com,828NTWs^$(,862
127,Justin Hayden,497.292.4162,znelson@example.com,^grGdwJlp1,157
128,Anne Henry,689.649.6663x81761,nicholasadams@example.com,b4Rl^9oL%7,481
129,David Diaz,001-698-222-8173,taylorgonzalez@example.com,@7&JfFM16z,248
130,Brett Tucker,+1-219-491-3249x8920,martinmicheal@example.net,5#$DzOrS$6,4
131,Jacob Arias,(355)221-0263x62078,sanchezstephanie@example.com,lM6A_fsd_X,218
132,Robert Gross,299-758-2634,zwright@example.org,#REF!,75
133,William Thornton,+1-875-707-6558x360,latasha73@example.org,1OP78WJt0!,660
134,Michael Graham,001-333-414-1175x81083,richarddavis@example.org,H!2J*x(JHg,119
135,Marc Stevens,212-687-2329,brittanyharris@example.org,Uiz8Z_Z2S@,576
136,Morgan Mejia,(738)697-4063x79649,walkerdeborah@example.com,_Ld5CLZtm#,231
137,Terri Smith,-1746,jonesvirginia@example.net,17zSl0kh$7,798
138,Rebecca Adams,(620)416-0990,alexander36@example.com,@Ay4FKs+4n,782
139,Lori Walker,-9139,lisa61@example.com,yC(iVLfl^7,446
140,Caroline Baker,888.250.4002,lisasandoval@example.net,%ej$aIyJr8,526
141,Mitchell Hicks,390-298-0565x1520,donaldjohnson@example.net,RWK64xntJ$,493
142,Elizabeth Morris,(362)988-7290,danielledurham@example.org,_rv7Igj#2),763
143,David Richardson,(989)999-3910x250,claudia78@example.org,fXFCmuPO+4,136
144,Emily Ramirez,925.447.1966,clifford90@example.com,PaQUTM(g_6,365
145,Robert Gallagher,(602)274-3786,kathrynjones@example.org,Tk()8Nb+ug,907
146,Steven Jones,001-834-847-8296x4077,shahgeorge@example.net,$2kKi)6y*z,782
147,Kyle Freeman,(434)853-2678,lori02@example.org,jmo*8Uxl)@,420
148,Kristie Nelson,287-677-5228,acraig@example.org,ziXzfX@w$6,628
149,Michael Savage,-2686,stewartalexis@example.com,Xg5*YLdp&R,568
150,Sarah Alvarez,(964)597-2518x957,lgross@example.net,Na7LOepp)w,753
151,Sarah Holden,775.589.0784,victorgrant@example.com,M$0$Jd^dhr,531
152,Carla Skinner,+1-567-388-0059x52423,bryanward@example.com,AROS7xZt6^,433
153,Michelle Tucker,584-742-0985,michelle03@example.net,_J0)6AayXr,988
154,Shelley Murray,6246050816,cynthia83@example.org,Z3Nmyzlh$#,758
155,Christopher Vega,721-451-5891x31962,xmiller@example.org,on(PvnTe&1,788
156,Christopher Perez,(650)635-2854,jacobswilliam@example.org,Lx^YFJ&u^0,303
157,Brett Humphrey,+1-584-611-4682x2550,heatherbradley@example.net,N%Xt8MaNAD,70
158,Peggy Lewis,001-676-318-5184,kelly46@example.org,z%6wJR$_+9,590
159,Jonathan Gibson,722-601-6421,james53@example.org,a%4Tuw%dmO,312
160,Jessica Munoz,8365980645,ashley22@example.org,Dof#1Uv+q2,664
161,Sergio Mcknight,+1-720-965-5260x90579,elizabeth68@example.org,T#RoWcLX&5,300
162,Alexis Wong,-1768,angelahowe@example.org,mn6*bTTv$j,235
163,Elizabeth Mason,001-561-527-9390x5772,diane90@example.org,cPF%0Ve#!u,594
164,Maureen Johnson,858.210.9280x67966,djohnson@example.org,l@30iUEf7w,146
165,Xavier Roberts,3734598397,randall86@example.org,Y@t#68Swi&,879
166,Melissa Pruitt,(320)957-4409x15311,hamiltonlisa@example.net,AL68ZWn^(U,686
167,Emily Robles,001-246-944-5245x209,boylejavier@example.com,pZ8MSevs3%,66
168,Carol Wells,321-652-0972,scottspencer@example.org,e48Hadlf$3,578
169,Sherry Anderson,(219)635-0314x02365,michaelpugh@example.net,#3@2Co$jBJ,244
170,Jonathan Wade,587-742-7497x6520,angela03@example.org,*6$U_ZQxxl,811
171,Michael Williams,(828)642-7235x756,umercado@example.com,_3RvhO4xz7,322
172,Lisa Oneill,(505)589-8824x502,douglasnash@example.net,^s1ViXeb&N,297
173,Jason Baker,444-430-4900x601,waltonmary@example.org,8+3TDqB1YZ,645
174,Todd Ward,001-881-557-9333,markmiller@example.net,NV3l+Y7v1),692
175,Thomas Malone,305-426-5254,arnoldlouis@example.org,9aI0HNjt@9,394
176,Mary Osborne,-3198,rochabrenda@example.org,0VVHnKrl#3,277
177,Carrie Munoz,(774)354-9977x7910,hendersonannette@example.org,3SErGi@G#A,331
178,Stephanie Williams,001-599-424-0134,hmurphy@example.com,+4lN1*Vz9P,294
179,Terri Morgan,(498)998-1502x311,julia69@example.org,%%G3AtUcK3,639
180,Steven Brown,(687)297-9523x218,bsantiago@example.net,(9Vs9n**Ht,163
181,Rachel Harris,(277)433-1060,melissa04@example.net,#cQ9&MEela,313
182,Charles Edwards,2754228490,whitejoseph@example.net,+gU4mGj29(,516
183,Heather White,(510)360-1962,hermankeith@example.com,)^w22BWiN2,986
184,Dylan Doyle,8035141332,nguyenbrandon@example.net,&uz4KH8Wa8,502
185,Patrick Lee,(856)278-5820x14039,amy38@example.net,*Ri)D^Gcq1,490
186,Samantha Chandler,+1-455-395-7099x439,patrick53@example.org,#%$k2CGttG,26
187,Stephanie Drake,788-817-5888x5239,brandonperez@example.org,!HX78wToq%,850
188,Trevor Cain,902-678-2640,dparker@example.com,_z5MXKzwZ#,897
189,Joy Thomas,606.451.5523,robert77@example.com,Ri62kTz!r*,504
190,Maurice Mack,6997389318,georgescott@example.org,4#jI(h@b#(,513
191,Penny White,(648)456-6000,michael30@example.net,)+)I4QUaso,341
192,Timothy Phillips,+1-979-895-2436x74618,qkelley@example.net,Av0OwbWp#0,361
193,Sean Green,676.996.6713x07671,dawn28@example.org,yoXWPa0%&8,984
194,Andrea Martinez,001-602-852-4622x49067,echan@example.net,)_B6GMtV*G,310
195,Duane Munoz,307.618.1876,shawn42@example.com,L3DRo#xe)C,420
196,Robert Diaz,+1-817-347-4639x084,christine06@example.net,f&M_B7ZzW_,510
197,Robert Frank,+1-890-962-1227x2810,moniquetucker@example.org,*K@^P*5i2a,466
198,Stacie Morris,842-590-9258x44972,codysmith@example.com,(1021GKkdl,121
199,Kellie Jones,001-931-632-1537x39762,vberry@example.net,#o2sgKl*!z,989
200,Jennifer Smith,(261)358-9155x09488,gilbertmelanie@example.org,#3mH&+5k06,731